,SNP,effect_allele.exposure,other_allele.exposure,effect_allele.outcome,other_allele.outcome,beta.exposure,beta.outcome,eaf.exposure,eaf.outcome,remove,palindromic,ambiguous,id.outcome,chr.outcome,pos.outcome,se.outcome,pval.outcome,outcome,mr_keep.outcome,pval_origin.outcome,pval.exposure,chr.exposure,pos.exposure,samplesize.exposure,se.exposure,F,exposure,id.exposure,mr_keep.exposure,pval_origin.exposure,action,SNP_index,mr_keep,samplesize.outcome,units.outcome,units.exposure,rsq.exposure,effective_n.exposure,rsq.outcome,effective_n.outcome,steiger_dir,steiger_pval
5834,rs117005936,A,C,A,C,0.268423256,-0.018573074,0.963764013,NA,FALSE,FALSE,FALSE,4LAQqF,6,111111594,0.006119544,0.00240502,outcome,TRUE,reported,1.34E-36,6,111111594,31568,0.021242739,159.668496,CDK19,CfIRaz,TRUE,reported,2,1,TRUE,644158,NA,NA,0.005032786,31568,1.43E-05,644158,TRUE,1.80E-31
5835,rs13218908,A,C,A,C,-0.100054422,0.010670515,0.204273472,NA,FALSE,FALSE,FALSE,4LAQqF,6,111187349,0.002751971,0.000105575,outcome,TRUE,reported,3.25E-24,6,111187349,31564,0.009855831,103.0590432,CDK19,CfIRaz,TRUE,reported,2,1,TRUE,644158,NA,NA,0.003254661,31564,2.33E-05,644158,TRUE,1.21E-19
5836,rs145622127,A,G,A,G,0.170447,-0.010303589,0.03628399,NA,FALSE,FALSE,FALSE,4LAQqF,6,111086833,0.0069115,0.136016835,outcome,TRUE,reported,1.17E-14,6,111086833,29273,0.022078913,59.59685601,CDK19,CfIRaz,TRUE,reported,2,1,TRUE,644158,NA,NA,0.002031901,29273,3.45E-06,644158,TRUE,4.59E-13
5837,rs1794591,G,T,G,T,0.162807065,-0.011272596,0.725617121,NA,FALSE,FALSE,FALSE,4LAQqF,6,111099067,0.002255686,5.81E-07,outcome,TRUE,reported,3.26E-75,6,111099067,31569,0.008871933,336.7518606,CDK19,CfIRaz,TRUE,reported,2,1,TRUE,644158,NA,NA,0.010555243,31569,3.88E-05,644158,TRUE,2.24E-63
5838,rs2691167,A,G,A,G,0.061500918,-0.002611498,0.728569281,NA,FALSE,FALSE,FALSE,4LAQqF,6,110884140,0.002477518,0.291846922,outcome,TRUE,reported,5.59E-12,6,110884140,31684,0.008926372,47.46934404,CDK19,CfIRaz,TRUE,reported,2,1,TRUE,644158,NA,NA,0.001496065,31684,1.72E-06,644158,TRUE,8.23E-11
5839,rs2691175,T,G,T,G,0.076272588,-0.002323493,0.293450833,NA,FALSE,FALSE,FALSE,4LAQqF,6,110909830,0.002480511,0.348913226,outcome,TRUE,reported,3.62E-18,6,110909830,31231,0.008776649,75.52305216,CDK19,CfIRaz,TRUE,reported,2,1,TRUE,644158,NA,NA,0.002412528,31231,1.36E-06,644158,TRUE,1.21E-16
5840,rs62420281,C,T,C,T,-0.121929589,0.007622809,0.03722657,NA,FALSE,FALSE,FALSE,4LAQqF,6,110924493,0.005566193,0.170848252,outcome,TRUE,reported,1.55E-08,6,110924493,29990,0.021556422,31.99372969,CDK19,CfIRaz,TRUE,reported,2,1,TRUE,644158,NA,NA,0.001065747,29990,2.91E-06,644158,TRUE,1.61E-07
22343,rs11064275,T,G,T,G,0.05577939,0.000246882,0.157604114,NA,FALSE,FALSE,FALSE,4LAQqF,12,6705937,0.003059041,0.935676118,outcome,TRUE,reported,1.17E-06,12,6705937,28585,0.011473464,23.63515456,LPAR5,vMulqJ,TRUE,reported,2,1,TRUE,644158,NA,NA,0.000826212,28585,1.01E-08,644158,TRUE,2.14E-06
22344,rs112826761,C,T,C,T,-0.158135721,0.000955878,0.023653998,NA,FALSE,FALSE,FALSE,4LAQqF,12,6640910,0.006574764,0.884406159,outcome,TRUE,reported,6.40E-08,12,6640910,25283,0.02924594,29.23673041,LPAR5,vMulqJ,TRUE,reported,2,1,TRUE,644158,NA,NA,0.001155135,25283,3.28E-08,644158,TRUE,1.33E-07
22345,rs117409748,A,C,A,C,-0.307017363,0.007347626,0.035028179,NA,FALSE,FALSE,FALSE,4LAQqF,12,6749947,0.005842083,0.208497947,outcome,TRUE,reported,1.39E-42,12,6749947,29170,0.02244722,187.0685353,LPAR5,vMulqJ,TRUE,reported,2,1,TRUE,644158,NA,NA,0.006372614,29170,2.46E-06,644158,TRUE,3.23E-39
22346,rs117471807,C,T,C,T,-0.119969367,-0.004957745,0.027753785,NA,FALSE,FALSE,FALSE,4LAQqF,12,6785945,0.006376923,0.43689279,outcome,TRUE,reported,4.90E-06,12,6785945,26858,0.026256099,20.87758864,LPAR5,vMulqJ,TRUE,reported,2,1,TRUE,644158,NA,NA,0.000776786,26858,9.38E-07,644158,TRUE,1.56E-05
22347,rs117969454,T,C,T,C,-0.267331203,0.01269467,0.014566345,NA,FALSE,FALSE,FALSE,4LAQqF,12,6833524,0.010514613,0.227302785,outcome,TRUE,reported,1.39E-07,12,6833524,13490,0.050762623,27.73391569,LPAR5,vMulqJ,TRUE,reported,2,1,TRUE,644158,NA,NA,0.002051973,13490,2.26E-06,644158,TRUE,4.73E-07
22348,rs146256301,G,A,G,A,0.190781609,-0.008982161,0.026065361,NA,FALSE,FALSE,FALSE,4LAQqF,12,6632816,0.006208616,0.147973935,outcome,TRUE,reported,2.72E-12,12,6632816,26403,0.02728726,48.88247056,LPAR5,vMulqJ,TRUE,reported,2,1,TRUE,644158,NA,NA,0.001848117,26403,3.25E-06,644158,TRUE,5.26E-11
22349,rs1558333,G,T,G,T,0.151859704,-0.001941122,0.864651058,NA,FALSE,FALSE,FALSE,4LAQqF,12,6675055,0.002396457,0.417942166,outcome,TRUE,reported,4.98E-39,12,6675055,31470,0.011620197,170.788306,LPAR5,vMulqJ,TRUE,reported,2,1,TRUE,644158,NA,NA,0.005398067,31470,1.02E-06,644158,TRUE,2.93E-36
22350,rs17788043,C,T,C,T,0.165613926,-0.00056958,0.01926858,NA,FALSE,FALSE,FALSE,4LAQqF,12,6692672,0.002548686,0.823161973,outcome,TRUE,reported,4.90E-06,12,6692672,20119,0.036245716,20.87758864,LPAR5,vMulqJ,TRUE,reported,2,1,TRUE,644158,NA,NA,0.001036732,20119,7.75E-08,644158,TRUE,8.21E-06
22351,rs3759343,C,T,C,T,0.091590476,-0.003433499,0.118963509,NA,FALSE,FALSE,FALSE,4LAQqF,12,6833104,0.002397878,0.152175112,outcome,TRUE,reported,9.65E-14,12,6833104,31470,0.012301289,55.43695936,LPAR5,vMulqJ,TRUE,reported,2,1,TRUE,644158,NA,NA,0.001758595,31470,3.18E-06,644158,TRUE,3.43E-12
22352,rs6786,A,G,A,G,0.171680425,-0.008131787,0.566939831,NA,FALSE,FALSE,FALSE,4LAQqF,12,6775967,0.00227,0.000340603,outcome,TRUE,reported,2.13E-90,12,6775967,27680,0.008515176,406.4941469,LPAR5,vMulqJ,TRUE,reported,2,1,TRUE,644158,NA,NA,0.014473971,27680,1.99E-05,644158,TRUE,3.22E-80
22353,rs71579348,G,A,G,A,-0.312529227,0.010535313,0.015754464,NA,FALSE,FALSE,FALSE,4LAQqF,12,6634954,0.009709413,0.277894316,outcome,TRUE,reported,3.35E-07,12,6634954,8569,0.061250216,26.03550625,LPAR5,vMulqJ,TRUE,reported,2,1,TRUE,644158,NA,NA,0.003029838,8569,1.83E-06,644158,TRUE,7.74E-07
22354,rs7309525,T,C,T,C,-0.057694583,0.008067722,0.307659063,NA,FALSE,FALSE,FALSE,4LAQqF,12,6831976,0.002382378,0.000708123,outcome,TRUE,reported,2.31E-11,12,6831976,31470,0.008630454,44.689225,LPAR5,vMulqJ,TRUE,reported,2,1,TRUE,644158,NA,NA,0.001418134,31470,1.78E-05,644158,TRUE,6.83E-09
22355,rs78425964,C,T,C,T,-0.320498285,0.012349319,0.030027263,NA,FALSE,FALSE,FALSE,4LAQqF,12,6745554,0.006300208,0.049978877,outcome,TRUE,reported,2.33E-42,12,6745554,30904,0.02349832,186.0277766,LPAR5,vMulqJ,TRUE,reported,2,1,TRUE,644158,NA,NA,0.005983904,30904,5.96E-06,644158,TRUE,5.09E-38
22356,rs7973027,C,A,C,A,0.098699365,-0.011411385,0.364310855,NA,FALSE,FALSE,FALSE,4LAQqF,12,6688973,0.002373757,1.53E-06,outcome,TRUE,reported,2.76E-31,12,6688973,29863,0.008483554,135.3546096,LPAR5,vMulqJ,TRUE,reported,2,1,TRUE,644158,NA,NA,0.004512369,29863,3.59E-05,644158,TRUE,4.06E-25
22357,rs80074488,C,A,C,A,0.181039838,-0.008921418,0.018621714,NA,FALSE,FALSE,FALSE,4LAQqF,12,6661106,0.008514694,0.294745835,outcome,TRUE,reported,1.84E-08,12,6661106,26395,0.03217628,31.65750225,LPAR5,vMulqJ,TRUE,reported,2,1,TRUE,644158,NA,NA,0.001198029,26395,1.70E-06,644158,TRUE,1.12E-07
9573,rs10106796,C,T,C,T,0.15022164,0.012008027,0.803919726,NA,FALSE,FALSE,FALSE,4LAQqF,8,19735624,0.002836087,2.30E-05,outcome,TRUE,reported,2.65E-51,8,19735624,31684,0.009969911,227.0295563,LPL,gNWF44,TRUE,reported,2,1,TRUE,644158,NA,NA,0.0071149,31684,2.78E-05,644158,TRUE,3.57E-43
9574,rs112324447,T,C,T,C,-0.220475704,-0.049234583,0.0276678,NA,FALSE,FALSE,FALSE,4LAQqF,8,19822581,0.007427169,3.38E-11,outcome,TRUE,reported,7.24E-17,8,19822581,26544,0.02642643,69.605649,LPL,gNWF44,TRUE,reported,2,1,TRUE,644158,NA,NA,0.002615613,26544,6.82E-05,644158,TRUE,7.19E-12
9575,rs11774936,A,G,A,G,0.116870554,-0.001953234,0.071841705,NA,FALSE,FALSE,FALSE,4LAQqF,8,19723883,0.004448906,0.660634729,outcome,TRUE,reported,3.90E-14,8,19723883,31355,0.01545028,57.21863449,LPL,gNWF44,TRUE,reported,2,1,TRUE,644158,NA,NA,0.001821657,31355,2.99E-07,644158,TRUE,3.11E-13
9576,rs1372346,A,G,A,G,-0.257170784,-0.036095402,0.015124858,NA,FALSE,FALSE,FALSE,4LAQqF,8,19852995,0.009359784,0.000115052,outcome,TRUE,reported,2.17E-11,8,19852995,22695,0.038419825,44.80561969,LPL,gNWF44,TRUE,reported,2,1,TRUE,644158,NA,NA,0.001970534,22695,2.31E-05,644158,TRUE,4.49E-09
9577,rs140329088,G,A,G,A,-0.149905772,0.036239983,0.020739165,NA,FALSE,FALSE,FALSE,4LAQqF,8,19694420,0.008227954,1.06E-05,outcome,TRUE,reported,5.02E-07,8,19694420,27641,0.029830807,25.25263504,LPL,gNWF44,TRUE,reported,2,1,TRUE,644158,NA,NA,0.000912825,27641,3.01E-05,644158,TRUE,5.66E-05
9578,rs142084074,A,G,A,G,0.50416423,-0.112619204,0.013728077,NA,FALSE,FALSE,FALSE,4LAQqF,8,19768150,0.009093673,3.18E-35,outcome,TRUE,reported,2.15E-40,8,19768150,25544,0.037891131,177.0389914,LPL,gNWF44,TRUE,reported,2,1,TRUE,644158,NA,NA,0.006883577,25544,0.000238041,644158,TRUE,2.52E-26
9579,rs144358279,A,G,A,G,0.199942807,-0.060710745,0.014407453,NA,FALSE,FALSE,FALSE,4LAQqF,8,19727253,0.009643364,3.06E-10,outcome,TRUE,reported,3.53E-06,8,19727253,18922,0.043113422,21.50733376,LPL,gNWF44,TRUE,reported,2,1,TRUE,644158,NA,NA,0.001135461,18922,6.15E-05,644158,TRUE,0.00045393
9580,rs148048657,A,G,A,G,-0.131912067,0.038104875,0.021711847,NA,FALSE,FALSE,FALSE,4LAQqF,8,19774005,0.006847209,2.62E-08,outcome,TRUE,reported,1.71E-05,8,19774005,24995,0.030677225,18.49,LPL,gNWF44,TRUE,reported,2,1,TRUE,644158,NA,NA,0.00073926,24995,4.81E-05,644158,TRUE,0.001673117
9581,rs268,G,A,G,A,-0.191698244,0.152462586,0.019992836,NA,FALSE,FALSE,FALSE,4LAQqF,8,19813529,0.008041017,3.61E-80,outcome,TRUE,reported,3.24E-10,8,19813529,27408,0.030491696,39.52511161,LPL,gNWF44,TRUE,reported,2,1,TRUE,644158,NA,NA,0.00144013,27408,0.000557791,644158,TRUE,0.020027918
9582,rs308,G,T,G,T,0.239743093,-0.128326332,0.022791221,NA,FALSE,FALSE,FALSE,4LAQqF,8,19817476,0.00719812,4.30E-71,outcome,TRUE,reported,1.82E-18,8,19817476,29953,0.027342027,76.88308489,LPL,gNWF44,TRUE,reported,2,1,TRUE,644158,NA,NA,0.00256039,29953,0.00049316,644158,TRUE,1.51E-06
9583,rs34266755,T,C,T,C,-0.122653199,0.04234,0.113690905,NA,FALSE,FALSE,FALSE,4LAQqF,8,19900474,0.003201584,6.32E-40,outcome,TRUE,reported,1.14E-21,8,19900474,30077,0.012824869,91.46435769,LPL,gNWF44,TRUE,reported,2,1,TRUE,644158,NA,NA,0.003031988,30077,0.000271433,644158,TRUE,5.75E-11
9584,rs34770253,C,T,C,T,-0.132296903,-0.02298607,0.189581603,NA,FALSE,FALSE,FALSE,4LAQqF,8,19844228,0.002819945,3.60E-16,outcome,TRUE,reported,5.36E-39,8,19844228,31557,0.01012776,170.6367438,LPL,gNWF44,TRUE,reported,2,1,TRUE,644158,NA,NA,0.005378513,31557,0.000103136,644158,TRUE,4.71E-28
9585,rs3898938,T,C,T,C,0.128798112,-0.027212601,0.471908001,NA,FALSE,FALSE,FALSE,4LAQqF,8,19749390,0.002168383,3.99E-36,outcome,TRUE,reported,2.13E-59,8,19749390,31684,0.007924623,264.1567584,LPL,gNWF44,TRUE,reported,2,1,TRUE,644158,NA,NA,0.008268812,31684,0.000244439,644158,TRUE,2.27E-39
9586,rs3988301,G,T,G,T,0.321211584,-0.075146188,0.146462549,NA,FALSE,FALSE,FALSE,4LAQqF,8,19770379,0.003133772,4.55E-127,outcome,TRUE,reported,9.04E-184,8,19770379,31563,0.01111082,835.776536,LPL,gNWF44,TRUE,reported,2,1,TRUE,644158,NA,NA,0.025798139,31563,0.000891868,644158,TRUE,2.84E-116
9587,rs6586878,T,C,T,C,-0.119014715,0.009488132,0.287385823,NA,FALSE,FALSE,FALSE,4LAQqF,8,19758457,0.002322379,4.40E-05,outcome,TRUE,reported,5.79E-42,8,19758457,31569,0.008768619,184.2208998,LPL,gNWF44,TRUE,reported,2,1,TRUE,644158,NA,NA,0.00580201,31569,2.59E-05,644158,TRUE,4.53E-35
9588,rs7005359,G,A,G,A,0.398379306,-0.05496199,0.180003805,NA,FALSE,FALSE,FALSE,4LAQqF,8,19870693,0.002273712,4.30E-129,outcome,TRUE,reported,1.00E-300,8,19870693,31355,0.010147645,1541.214119,LPL,gNWF44,TRUE,reported,2,1,TRUE,644158,NA,NA,0.046853654,31355,0.000906294,644158,TRUE,2.90E-236
9589,rs73210850,C,A,C,A,-0.178538777,0.010690186,0.058106199,NA,FALSE,FALSE,FALSE,4LAQqF,8,19920295,0.004292261,0.012753768,outcome,TRUE,reported,5.43E-24,8,19920295,29143,0.017674482,102.0403023,LPL,gNWF44,TRUE,reported,2,1,TRUE,644158,NA,NA,0.003489388,29143,9.63E-06,644158,TRUE,8.25E-21
9590,rs79209633,T,G,T,G,0.170708809,-0.030128946,0.147510663,NA,FALSE,FALSE,FALSE,4LAQqF,8,19668866,0.003123618,5.13E-22,outcome,TRUE,reported,1.28E-52,8,19668866,31568,0.011181702,233.0751822,LPL,gNWF44,TRUE,reported,2,1,TRUE,644158,NA,NA,0.007329621,31568,0.00014441,644158,TRUE,1.58E-37
18583,rs113598855,C,T,C,T,0.149750323,-0.016893072,0.029969262,NA,FALSE,FALSE,FALSE,4LAQqF,12,52289255,0.006081396,0.005472355,outcome,TRUE,reported,1.23E-09,12,52289255,28285,0.024642957,36.92749824,ACVR1B,rKt5yJ,TRUE,reported,2,1,TRUE,644158,NA,NA,0.00130394,28285,1.20E-05,644158,TRUE,7.59E-08
18584,rs11612312,C,T,C,T,0.184272061,-0.009591495,0.201059792,NA,FALSE,FALSE,FALSE,4LAQqF,12,52349088,0.00230702,3.22E-05,outcome,TRUE,reported,1.82E-77,12,52349088,31470,0.009890881,347.0955303,ACVR1B,rKt5yJ,TRUE,reported,2,1,TRUE,644158,NA,NA,0.010909775,31470,2.68E-05,644158,TRUE,9.30E-67
18585,rs117661977,A,G,A,G,-0.103076328,-0.000590241,0.042088049,NA,FALSE,FALSE,FALSE,4LAQqF,12,52276399,0.005685371,0.91731411,outcome,TRUE,reported,9.17E-07,12,52276399,28098,0.020999985,24.09239056,ACVR1B,rKt5yJ,TRUE,reported,2,1,TRUE,644158,NA,NA,0.000856768,28098,1.67E-08,644158,TRUE,1.73E-06
18586,rs11833804,A,G,A,G,0.13921418,-0.008812572,0.094748858,NA,FALSE,FALSE,FALSE,4LAQqF,12,52268207,0.003977212,0.026707514,outcome,TRUE,reported,2.16E-24,12,52268207,31141,0.013659162,103.876864,ACVR1B,rKt5yJ,TRUE,reported,2,1,TRUE,644158,NA,NA,0.003324818,31141,7.62E-06,644158,TRUE,2.73E-21
18587,rs12370562,T,C,T,C,-0.044282604,0.004227563,0.407757361,NA,FALSE,FALSE,FALSE,4LAQqF,12,52425415,0.00229765,0.065775385,outcome,TRUE,reported,1.83E-06,12,52425415,24017,0.009280452,22.76816656,ACVR1B,rKt5yJ,TRUE,reported,2,1,TRUE,644158,NA,NA,0.000947183,24017,5.26E-06,644158,TRUE,1.45E-05
18588,rs148558770,G,A,G,A,0.133259937,-0.00317277,0.030523084,NA,FALSE,FALSE,FALSE,4LAQqF,12,52443629,0.006767821,0.639210953,outcome,TRUE,reported,1.67E-08,12,52443629,30268,0.023614669,31.84457761,ACVR1B,rKt5yJ,TRUE,reported,2,1,TRUE,644158,NA,NA,0.001051051,30268,3.41E-07,644158,TRUE,6.14E-08
18589,rs2684333,C,T,C,T,-0.103762268,0.004640812,0.030392988,NA,FALSE,FALSE,FALSE,4LAQqF,12,52350855,0.006072496,0.444727468,outcome,TRUE,reported,1.44E-05,12,52350855,29620,0.023925998,18.80783424,ACVR1B,rKt5yJ,TRUE,reported,2,1,TRUE,644158,NA,NA,0.000634611,29620,9.07E-07,644158,TRUE,4.51E-05
18590,rs34672117,G,A,G,A,-0.044385792,0.003636895,0.328708462,NA,FALSE,FALSE,FALSE,4LAQqF,12,52275071,0.002313747,0.115982105,outcome,TRUE,reported,1.94E-07,12,52275071,31132,0.008527694,27.09098401,ACVR1B,rKt5yJ,TRUE,reported,2,1,TRUE,644158,NA,NA,0.000869497,31132,3.84E-06,644158,TRUE,2.08E-06
18591,rs772002,G,A,G,A,-0.049555467,0.008694408,0.27576833,NA,FALSE,FALSE,FALSE,4LAQqF,12,52322582,0.002480177,0.00045565,outcome,TRUE,reported,2.89E-08,12,52322582,31347,0.008932293,30.77919441,ACVR1B,rKt5yJ,TRUE,reported,2,1,TRUE,644158,NA,NA,0.000980986,31347,1.91E-05,644158,TRUE,3.14E-06
18592,rs7978526,G,A,G,A,0.064598891,-0.004440865,0.173603945,NA,FALSE,FALSE,FALSE,4LAQqF,12,52292037,0.002914586,0.127591333,outcome,TRUE,reported,1.07E-09,12,52292037,31024,0.010592587,37.19170225,ACVR1B,rKt5yJ,TRUE,reported,2,1,TRUE,644158,NA,NA,0.001197446,31024,3.60E-06,644158,TRUE,1.81E-08
19026,rs1046332,C,T,C,T,0.5388142,-0.014496546,0.069087751,NA,FALSE,FALSE,FALSE,4LAQqF,1,149817508,0.002454402,3.50E-09,outcome,TRUE,reported,4.27E-56,1,149817508,6419,0.034145387,249.0084,FCGR1A,s181aL,TRUE,reported,2,1,TRUE,644158,NA,NA,0.037354948,6419,5.42E-05,644158,TRUE,5.91E-51
12042,rs10050167,T,C,T,C,-0.173013112,-0.0126689,0.081889556,NA,FALSE,FALSE,FALSE,4LAQqF,4,157635256,0.004350743,0.003592451,outcome,TRUE,reported,6.73E-33,4,157635256,31568,0.01448172,142.730809,PDGFC,jIKTNH,TRUE,reported,2,1,TRUE,644158,NA,NA,0.004501309,31568,1.32E-05,644158,TRUE,2.85E-28
12043,rs11100076,A,G,A,G,-0.087799283,-0.003995372,0.086761292,NA,FALSE,FALSE,FALSE,4LAQqF,4,157595025,0.003776348,0.290055944,outcome,TRUE,reported,5.91E-10,4,157595025,31354,0.014178097,38.34829476,PDGFC,jIKTNH,TRUE,reported,2,1,TRUE,644158,NA,NA,0.001221659,31354,1.74E-06,644158,TRUE,5.96E-09
12044,rs11100087,A,G,A,G,0.048731673,-0.002178395,0.155981059,NA,FALSE,FALSE,FALSE,4LAQqF,4,157965879,0.002842561,0.443468497,outcome,TRUE,reported,8.50E-06,4,157965879,31684,0.010945035,19.82386576,PDGFC,jIKTNH,TRUE,reported,2,1,TRUE,644158,NA,NA,0.000625323,31684,9.12E-07,644158,TRUE,2.91E-05
12045,rs114275837,T,C,T,C,-0.129375343,-0.014061279,0.077825531,NA,FALSE,FALSE,FALSE,4LAQqF,4,157595919,0.004128408,0.000659267,outcome,TRUE,reported,6.30E-18,4,157595919,30902,0.01499691,74.42167824,PDGFC,jIKTNH,TRUE,reported,2,1,TRUE,644158,NA,NA,0.002402682,30902,1.80E-05,644158,TRUE,1.42E-14
12046,rs12509643,G,A,G,A,-0.097127975,-0.009498579,0.91362691,NA,FALSE,FALSE,FALSE,4LAQqF,4,157592500,0.004014503,0.017978237,outcome,TRUE,reported,2.13E-11,4,157592500,30077,0.014503423,44.84846961,PDGFC,jIKTNH,TRUE,reported,2,1,TRUE,644158,NA,NA,0.001489001,30077,8.69E-06,644158,TRUE,1.50E-09
12047,rs1425492,T,C,T,C,-0.182584632,-0.020072632,0.661544328,NA,FALSE,FALSE,FALSE,4LAQqF,4,157689678,0.002346924,1.20E-17,outcome,TRUE,reported,3.62E-105,4,157689678,31300,0.008383325,474.3466203,PDGFC,jIKTNH,TRUE,reported,2,1,TRUE,644158,NA,NA,0.014929543,31300,0.000113546,644158,TRUE,1.27E-83
12048,rs151071207,T,C,T,C,-0.133335476,-0.012588073,0.055540056,NA,FALSE,FALSE,FALSE,4LAQqF,4,157790356,0.004760323,0.008184225,outcome,TRUE,reported,6.00E-14,4,157790356,30165,0.017759594,56.36706084,PDGFC,jIKTNH,TRUE,reported,2,1,TRUE,644158,NA,NA,0.001865263,30165,1.09E-05,644158,TRUE,1.23E-11
12049,rs17035469,T,C,T,C,-0.043760316,0.000452789,0.669209666,NA,FALSE,FALSE,FALSE,4LAQqF,4,157887044,0.002345525,0.8469247,outcome,TRUE,reported,2.16E-07,4,157887044,31684,0.008439628,26.88526201,PDGFC,jIKTNH,TRUE,reported,2,1,TRUE,644158,NA,NA,0.000847878,31684,5.79E-08,644158,TRUE,5.18E-07
12050,rs17317061,T,G,T,G,0.069942005,0.000602667,0.346161073,NA,FALSE,FALSE,FALSE,4LAQqF,4,157583132,0.002285505,0.792018034,outcome,TRUE,reported,5.06E-17,4,157583132,31684,0.008340827,70.31661025,PDGFC,jIKTNH,TRUE,reported,2,1,TRUE,644158,NA,NA,0.002214535,31684,1.08E-07,644158,TRUE,4.42E-16
12051,rs34475922,A,G,A,G,0.099821024,0.009075056,0.045337174,NA,FALSE,FALSE,FALSE,4LAQqF,4,157762547,0.005527489,0.100630534,outcome,TRUE,reported,3.08E-06,4,157762547,25213,0.021396027,21.76595716,PDGFC,jIKTNH,TRUE,reported,2,1,TRUE,644158,NA,NA,0.000862607,25213,4.18E-06,644158,TRUE,2.07E-05
12052,rs4234905,T,C,T,C,-0.142747433,0.007508657,0.02109586,NA,FALSE,FALSE,FALSE,4LAQqF,4,157962081,0.010969581,0.493660745,outcome,TRUE,reported,1.15E-05,4,157962081,22851,0.032537252,19.24752384,PDGFC,jIKTNH,TRUE,reported,2,1,TRUE,644158,NA,NA,0.00084167,22851,7.27E-07,644158,TRUE,2.86E-05
12053,rs62331467,A,G,A,G,0.07158012,0.005932438,0.078362267,NA,FALSE,FALSE,FALSE,4LAQqF,4,157595215,0.003812291,0.119676131,outcome,TRUE,reported,2.53E-06,4,157595215,29902,0.015210395,22.146436,PDGFC,jIKTNH,TRUE,reported,2,1,TRUE,644158,NA,NA,0.000740135,29902,3.76E-06,644158,TRUE,1.94E-05
12054,rs62331512,A,C,A,C,0.094839071,0.006231388,0.14702672,NA,FALSE,FALSE,FALSE,4LAQqF,4,157895459,0.003162854,0.048817911,outcome,TRUE,reported,1.81E-15,4,157895459,27979,0.011923744,63.26293444,PDGFC,jIKTNH,TRUE,reported,2,1,TRUE,644158,NA,NA,0.002256146,27979,6.03E-06,644158,TRUE,1.57E-13
12055,rs72683333,A,G,A,G,0.073339145,0.013127079,0.074470525,NA,FALSE,FALSE,FALSE,4LAQqF,4,157709516,0.004345451,0.002520426,outcome,TRUE,reported,1.48E-06,4,157709516,31233,0.015234554,23.174596,PDGFC,jIKTNH,TRUE,reported,2,1,TRUE,644158,NA,NA,0.000741488,31233,1.42E-05,644158,TRUE,5.10E-05
12056,rs76950818,C,T,C,T,0.077209649,0.009160461,0.093253879,NA,FALSE,FALSE,FALSE,4LAQqF,4,157605808,0.004252995,0.031249211,outcome,TRUE,reported,1.52E-07,4,157605808,27310,0.01470716,27.56040004,PDGFC,jIKTNH,TRUE,reported,2,1,TRUE,644158,NA,NA,0.001008225,27310,7.20E-06,644158,TRUE,2.52E-06
12057,rs78038533,G,T,G,T,0.11588082,0.003531395,0.029510646,NA,FALSE,FALSE,FALSE,4LAQqF,4,157697505,0.006671344,0.596571055,outcome,TRUE,reported,2.15E-06,4,157697505,29168,0.024455686,22.45243456,PDGFC,jIKTNH,TRUE,reported,2,1,TRUE,644158,NA,NA,0.000769223,29168,4.35E-07,644158,TRUE,6.07E-06
12058,rs78860217,A,G,A,G,-0.1942464,-0.025531657,0.021146152,NA,FALSE,FALSE,FALSE,4LAQqF,4,157636131,0.008429645,0.002455323,outcome,TRUE,reported,2.81E-11,4,157636131,28318,0.029183654,44.302336,PDGFC,jIKTNH,TRUE,reported,2,1,TRUE,644158,NA,NA,0.001562125,28318,1.42E-05,644158,TRUE,3.84E-09
12059,rs79621914,C,T,C,T,-0.115299901,-0.023147474,0.041636398,NA,FALSE,FALSE,FALSE,4LAQqF,4,157720275,0.005623717,3.85E-05,outcome,TRUE,reported,8.45E-09,4,157720275,31230,0.020020125,33.16838464,PDGFC,jIKTNH,TRUE,reported,2,1,TRUE,644158,NA,NA,0.001061009,31230,2.63E-05,644158,TRUE,2.15E-06
17073,rs11171739,C,T,C,T,-0.167927456,-0.011951642,0.600092678,NA,FALSE,FALSE,FALSE,4LAQqF,12,56470625,0.002153183,2.85E-08,outcome,TRUE,reported,2.05E-94,12,56470625,30971,0.008146282,424.936996,ERBB3,PLoCBf,TRUE,reported,2,1,TRUE,644158,NA,NA,0.013535639,30971,4.78E-05,644158,TRUE,1.12E-79
17074,rs116905410,T,G,T,G,-0.118824208,-0.006549841,0.032898136,NA,FALSE,FALSE,FALSE,4LAQqF,12,56493032,0.005783363,0.257410999,outcome,TRUE,reported,1.12E-06,12,56493032,26368,0.024402228,23.71105636,ERBB3,PLoCBf,TRUE,reported,2,1,TRUE,644158,NA,NA,0.000898496,26368,1.99E-06,644158,TRUE,5.43E-06
17075,rs12580100,G,A,G,A,0.06233746,-0.001997513,0.129113441,NA,FALSE,FALSE,FALSE,4LAQqF,12,56439209,0.002334248,0.392140767,outcome,TRUE,reported,1.68E-07,12,56439209,31300,0.011913969,27.37696329,ERBB3,PLoCBf,TRUE,reported,2,1,TRUE,644158,NA,NA,0.000873955,31300,1.14E-06,644158,TRUE,8.45E-07
17076,rs7977273,T,C,T,C,-0.102409857,-0.005718788,0.05426862,NA,FALSE,FALSE,FALSE,4LAQqF,12,56583644,0.004589565,0.212749221,outcome,TRUE,reported,6.87E-09,12,56583644,31149,0.017675462,33.56927721,ERBB3,PLoCBf,TRUE,reported,2,1,TRUE,644158,NA,NA,0.001076609,31149,2.41E-06,644158,TRUE,7.05E-08
9213,rs10808381,C,T,C,T,0.056163841,0.001558211,0.487992784,NA,FALSE,FALSE,FALSE,4LAQqF,8,103797463,0.002203257,0.479423305,outcome,TRUE,reported,1.52E-12,8,103797463,31684,0.007941046,50.02167076,AZIN1,gA8tUs,TRUE,reported,2,1,TRUE,644158,NA,NA,0.001576378,31684,7.76E-07,644158,TRUE,1.48E-11
9214,rs117206695,A,G,A,G,-0.132356903,-0.000467724,0.024397245,NA,FALSE,FALSE,FALSE,4LAQqF,8,103783719,0.006815249,0.945284883,outcome,TRUE,reported,1.51E-06,8,103783719,27721,0.027516456,23.13706201,AZIN1,gA8tUs,TRUE,reported,2,1,TRUE,644158,NA,NA,0.000834004,27721,7.31E-09,644158,TRUE,2.66E-06
9215,rs138677082,A,G,A,G,0.154198194,0.00997166,0.043357653,NA,FALSE,FALSE,FALSE,4LAQqF,8,103879274,0.005354805,0.062576437,outcome,TRUE,reported,3.37E-15,8,103879274,31391,0.019576994,62.03925225,AZIN1,gA8tUs,TRUE,reported,2,1,TRUE,644158,NA,NA,0.001972566,31391,5.38E-06,644158,TRUE,3.16E-13
9216,rs142605982,G,A,G,A,0.228313438,0.003421258,0.017596685,NA,FALSE,FALSE,FALSE,4LAQqF,8,103866721,0.007651304,0.65476887,outcome,TRUE,reported,1.09E-08,8,103866721,18100,0.039938676,32.67951556,AZIN1,gA8tUs,TRUE,reported,2,1,TRUE,644158,NA,NA,0.001802443,18100,3.10E-07,644158,TRUE,2.66E-08
9217,rs149047895,A,C,A,C,-0.235264176,-0.00521697,0.015559514,NA,FALSE,FALSE,FALSE,4LAQqF,8,103999809,0.009190012,0.570253421,outcome,TRUE,reported,6.26E-07,8,103999809,14619,0.047213361,24.830289,AZIN1,gA8tUs,TRUE,reported,2,1,TRUE,644158,NA,NA,0.001695846,14619,5.00E-07,644158,TRUE,1.29E-06
9218,rs2460222,G,A,G,A,0.057411931,0.005132004,0.218459022,NA,FALSE,FALSE,FALSE,4LAQqF,8,103972511,0.002297307,0.025488248,outcome,TRUE,reported,1.14E-08,8,103972511,28917,0.010057799,32.58354724,AZIN1,gA8tUs,TRUE,reported,2,1,TRUE,644158,NA,NA,0.001125605,28917,7.75E-06,644158,TRUE,3.05E-07
9219,rs2679750,A,G,A,G,-0.291662494,-0.013362494,0.272080471,NA,FALSE,FALSE,FALSE,4LAQqF,8,103860392,0.002492427,8.27E-08,outcome,TRUE,reported,2.18E-241,8,103860392,31569,0.008790655,1100.826134,AZIN1,gA8tUs,TRUE,reported,2,1,TRUE,644158,NA,NA,0.033697563,31569,4.46E-05,644158,TRUE,1.15E-211
9220,rs2916560,T,C,T,C,0.079670484,0.001413303,0.439888759,NA,FALSE,FALSE,FALSE,4LAQqF,8,103880408,0.002259404,0.531629573,outcome,TRUE,reported,2.05E-23,8,103880408,31684,0.007990541,99.41286436,AZIN1,gA8tUs,TRUE,reported,2,1,TRUE,644158,NA,NA,0.003128019,31684,6.07E-07,644158,TRUE,8.52E-22
9221,rs2916566,T,C,T,C,-0.265515369,-0.013288647,0.061212005,NA,FALSE,FALSE,FALSE,4LAQqF,8,103815659,0.004456074,0.002862391,outcome,TRUE,reported,2.00E-57,8,103815659,31230,0.016623802,255.104784,AZIN1,gA8tUs,TRUE,reported,2,1,TRUE,644158,NA,NA,0.008102911,31230,1.38E-05,644158,TRUE,1.93E-50
9222,rs34324266,G,T,G,T,-0.323456494,-0.011217607,0.02161697,NA,FALSE,FALSE,FALSE,4LAQqF,8,103837825,0.00773248,0.146859861,outcome,TRUE,reported,8.14E-26,8,103837825,24828,0.030789253,110.3655303,AZIN1,gA8tUs,TRUE,reported,2,1,TRUE,644158,NA,NA,0.004425887,24828,3.27E-06,644158,TRUE,1.23E-23
9223,rs605422,A,C,A,C,-0.231107956,-0.012979671,0.029868905,NA,FALSE,FALSE,FALSE,4LAQqF,8,103945599,0.005890419,0.027557937,outcome,TRUE,reported,8.91E-19,8,103945599,25213,0.026120091,78.28533441,AZIN1,gA8tUs,TRUE,reported,2,1,TRUE,644158,NA,NA,0.003095593,25213,7.54E-06,644158,TRUE,1.62E-16
9224,rs62522567,G,A,G,A,0.141202958,0.007250606,0.073863866,NA,FALSE,FALSE,FALSE,4LAQqF,8,103799094,0.004213747,0.085304777,outcome,TRUE,reported,1.67E-19,8,103799094,29830,0.015631901,81.595089,AZIN1,gA8tUs,TRUE,reported,2,1,TRUE,644158,NA,NA,0.002728057,29830,4.60E-06,644158,TRUE,2.57E-17
9225,rs6468846,T,C,T,C,0.179914677,0.003923724,0.202333157,NA,FALSE,FALSE,FALSE,4LAQqF,8,103935290,0.002745209,0.152918409,outcome,TRUE,reported,2.95E-74,8,103935290,31477,0.009868775,332.3584225,AZIN1,gA8tUs,TRUE,reported,2,1,TRUE,644158,NA,NA,0.010449105,31477,3.17E-06,644158,TRUE,2.84E-68
9226,rs72667289,C,T,C,T,-0.182350567,0.001209221,0.110119272,NA,FALSE,FALSE,FALSE,4LAQqF,8,104004628,0.003618966,0.73827823,outcome,TRUE,reported,5.95E-47,8,104004628,31569,0.01267177,207.0807341,AZIN1,gA8tUs,TRUE,reported,2,1,TRUE,644158,NA,NA,0.006517285,31569,1.73E-07,644158,TRUE,2.64E-44
9227,rs76268691,T,C,T,C,-0.219820754,-0.028883891,0.023790952,NA,FALSE,FALSE,FALSE,4LAQqF,8,103801848,0.008010693,0.000311352,outcome,TRUE,reported,3.27E-14,8,103801848,25587,0.028974107,57.55953424,AZIN1,gA8tUs,TRUE,reported,2,1,TRUE,644158,NA,NA,0.002244688,25587,2.02E-05,644158,TRUE,1.66E-11
8568,rs148118632,G,A,G,A,-0.185514838,-0.031217364,0.021150503,NA,FALSE,FALSE,FALSE,4LAQqF,11,118399100,0.007547503,3.53E-05,outcome,TRUE,reported,1.94E-07,11,118399100,18983,0.035643029,27.08994304,MLL,fd06l2,TRUE,reported,2,1,TRUE,644158,NA,NA,0.00142518,18983,2.66E-05,644158,TRUE,9.48E-06
12875,rs10420758,G,A,G,A,0.133356129,0.000966041,0.024683813,NA,FALSE,FALSE,FALSE,4LAQqF,19,46840571,0.007176613,0.892920536,outcome,TRUE,reported,6.04E-06,19,46840571,23893,0.029470316,20.47653001,PPP5C,kEJc46,TRUE,reported,2,1,TRUE,644158,NA,NA,0.000856347,23893,2.81E-08,644158,TRUE,1.00E-05
12876,rs111529762,A,G,A,G,-0.208439448,-0.003425019,0.039780784,NA,FALSE,FALSE,FALSE,4LAQqF,19,46785269,0.005724772,0.549652817,outcome,TRUE,reported,2.24E-24,19,46785269,31168,0.020459109,103.7973816,PPP5C,kEJc46,TRUE,reported,2,1,TRUE,644158,NA,NA,0.003319413,31168,5.56E-07,644158,TRUE,9.60E-23
12877,rs11667354,C,T,C,T,0.095018071,0.001400349,0.128468674,NA,FALSE,FALSE,FALSE,4LAQqF,19,46844434,0.003290994,0.670465417,outcome,TRUE,reported,3.76E-15,19,46844434,30517,0.012084662,61.82205129,PPP5C,kEJc46,TRUE,reported,2,1,TRUE,644158,NA,NA,0.00202186,30517,2.81E-07,644158,TRUE,3.21E-14
12878,rs11667636,A,C,A,C,0.058486336,0.008611543,0.852796362,NA,FALSE,FALSE,FALSE,4LAQqF,19,46790745,0.003424349,0.011910087,outcome,TRUE,reported,1.80E-07,19,46790745,31681,0.011207714,27.23169856,PPP5C,kEJc46,TRUE,reported,2,1,TRUE,644158,NA,NA,0.000858875,31681,9.82E-06,644158,TRUE,5.38E-06
12879,rs12459321,A,C,A,C,0.128111764,0.003666647,0.201693303,NA,FALSE,FALSE,FALSE,4LAQqF,19,46906997,0.002755777,0.183343312,outcome,TRUE,reported,4.10E-38,19,46906997,31355,0.009925451,166.6009748,PPP5C,kEJc46,TRUE,reported,2,1,TRUE,644158,NA,NA,0.005285631,31355,2.75E-06,644158,TRUE,8.37E-35
12880,rs12463382,C,T,C,T,0.046834651,-0.000292317,0.303143625,NA,FALSE,FALSE,FALSE,4LAQqF,19,46767173,0.002324948,0.899945302,outcome,TRUE,reported,9.28E-08,19,46767173,30746,0.008769877,28.51987216,PPP5C,kEJc46,TRUE,reported,2,1,TRUE,644158,NA,NA,0.000926797,30746,2.45E-08,644158,TRUE,2.11E-07
12881,rs12974773,C,A,C,A,0.073490529,-0.00172517,0.439772331,NA,FALSE,FALSE,FALSE,4LAQqF,19,46780193,0.002251496,0.443537962,outcome,TRUE,reported,1.08E-19,19,46780193,30902,0.008093136,82.45729636,PPP5C,kEJc46,TRUE,reported,2,1,TRUE,644158,NA,NA,0.002661419,30902,9.11E-07,644158,TRUE,3.25E-18
12882,rs138820087,T,C,T,C,-0.24728875,-0.014406489,0.014927417,NA,FALSE,FALSE,FALSE,4LAQqF,19,46918014,0.009555746,0.131650337,outcome,TRUE,reported,2.33E-06,19,46918014,12377,0.052367276,22.29917284,PPP5C,kEJc46,TRUE,reported,2,1,TRUE,644158,NA,NA,0.001798712,12377,3.53E-06,644158,TRUE,7.86E-06
12883,rs143416651,A,G,A,G,-0.437032457,-0.003705969,0.013655369,NA,FALSE,FALSE,FALSE,4LAQqF,19,46855521,0.009963649,0.709930859,outcome,TRUE,reported,4.08E-20,19,46855521,16316,0.047576444,84.38075881,PPP5C,kEJc46,TRUE,reported,2,1,TRUE,644158,NA,NA,0.005145676,16316,2.15E-07,644158,TRUE,2.15E-19
12884,rs149002926,A,G,A,G,-0.303407797,0.000664957,0.030070314,NA,FALSE,FALSE,FALSE,4LAQqF,19,46877237,0.006880149,0.923005383,outcome,TRUE,reported,2.37E-31,19,46877237,25128,0.026049401,135.6619268,PPP5C,kEJc46,TRUE,reported,2,1,TRUE,644158,NA,NA,0.005370269,25128,1.45E-08,644158,TRUE,4.30E-30
12885,rs149857247,T,C,T,C,0.300635101,-0.005783506,0.019730734,NA,FALSE,FALSE,FALSE,4LAQqF,19,46876864,0.008470326,0.494735696,outcome,TRUE,reported,4.19E-12,19,46876864,13691,0.043377307,48.03460249,PPP5C,kEJc46,TRUE,reported,2,1,TRUE,644158,NA,NA,0.003496723,13691,7.24E-07,644158,TRUE,1.42E-11
12886,rs2239380,C,T,C,T,0.162136013,0.001126371,0.141748464,NA,FALSE,FALSE,FALSE,4LAQqF,19,46870302,0.002316589,0.626811474,outcome,TRUE,reported,4.26E-44,19,46870302,30137,0.011640594,194.0031123,PPP5C,kEJc46,TRUE,reported,2,1,TRUE,644158,NA,NA,0.00639662,30137,3.67E-07,644158,TRUE,1.65E-41
12887,rs34217586,C,T,C,T,0.112860696,-0.003854355,0.044216134,NA,FALSE,FALSE,FALSE,4LAQqF,19,46917782,0.005538757,0.486498925,outcome,TRUE,reported,6.14E-09,19,46917782,31355,0.019414556,33.79329424,PPP5C,kEJc46,TRUE,reported,2,1,TRUE,644158,NA,NA,0.001076672,31355,7.52E-07,644158,TRUE,3.28E-08
12888,rs3944020,C,T,C,T,0.094702364,0.000762088,0.690292758,NA,FALSE,FALSE,FALSE,4LAQqF,19,46821445,0.00243032,0.753843737,outcome,TRUE,reported,2.35E-28,19,46821445,31684,0.008575083,121.9677272,PPP5C,kEJc46,TRUE,reported,2,1,TRUE,644158,NA,NA,0.003834985,31684,1.53E-07,644158,TRUE,9.44E-27
12889,rs439289,T,G,T,G,0.094766557,-0.001232775,0.274942433,NA,FALSE,FALSE,FALSE,4LAQqF,19,46932860,0.002515251,0.624049022,outcome,TRUE,reported,1.74E-26,19,46932860,31566,0.008897934,113.4310202,PPP5C,kEJc46,TRUE,reported,2,1,TRUE,644158,NA,NA,0.003580815,31566,3.73E-07,644158,TRUE,8.12E-25
12890,rs4802311,A,G,A,G,0.056232437,0.001904755,0.165551776,NA,FALSE,FALSE,FALSE,4LAQqF,19,46940594,0.002949788,0.518456826,outcome,TRUE,reported,1.73E-07,19,46940594,31236,0.010759718,27.31316644,PPP5C,kEJc46,TRUE,reported,2,1,TRUE,644158,NA,NA,0.000873705,31236,6.47E-07,644158,TRUE,6.90E-07
12891,rs59652214,C,T,C,T,0.06144031,0.000613584,0.117791066,NA,FALSE,FALSE,FALSE,4LAQqF,19,46912889,0.003448019,0.858760091,outcome,TRUE,reported,1.22E-06,19,46912889,29992,0.012661057,23.54869729,PPP5C,kEJc46,TRUE,reported,2,1,TRUE,644158,NA,NA,0.000784602,29992,4.92E-08,644158,TRUE,2.53E-06
12892,rs62136099,T,C,T,C,-0.442635775,-0.010574939,0.276045599,NA,FALSE,FALSE,FALSE,4LAQqF,19,46847901,0.002419507,1.24E-05,outcome,TRUE,reported,1.00E-300,19,46847901,31567,0.008547023,2682.028017,PPP5C,kEJc46,TRUE,reported,2,1,TRUE,644158,NA,NA,0.078314183,31567,2.97E-05,644158,TRUE,0
12893,rs630586,A,C,A,C,0.099048409,0.001177497,0.465542942,NA,FALSE,FALSE,FALSE,4LAQqF,19,46922916,0.002250935,0.600894442,outcome,TRUE,reported,3.38E-35,19,46922916,31238,0.008001002,153.2520203,PPP5C,kEJc46,TRUE,reported,2,1,TRUE,644158,NA,NA,0.004882309,31238,4.25E-07,644158,TRUE,5.27E-33
12894,rs7259453,C,T,C,T,0.059284122,-0.002890015,0.211474643,NA,FALSE,FALSE,FALSE,4LAQqF,19,46766979,0.002346528,0.218093641,outcome,TRUE,reported,7.00E-09,19,46766979,28579,0.010236932,33.53799744,PPP5C,kEJc46,TRUE,reported,2,1,TRUE,644158,NA,NA,0.001172225,28579,2.35E-06,644158,TRUE,6.24E-08
12895,rs73048731,A,G,A,G,0.117097655,-0.003466935,0.037514811,NA,FALSE,FALSE,FALSE,4LAQqF,19,46995894,0.005687668,0.542158006,outcome,TRUE,reported,2.63E-08,19,46995894,31238,0.021044076,30.96254736,PPP5C,kEJc46,TRUE,reported,2,1,TRUE,644158,NA,NA,0.000990264,31238,5.77E-07,644158,TRUE,1.14E-07
12896,rs75093468,A,G,A,G,-0.380519798,-0.016564143,0.014688357,NA,FALSE,FALSE,FALSE,4LAQqF,19,46851328,0.008818075,0.060322259,outcome,TRUE,reported,8.71E-22,19,46851328,21857,0.039673847,91.99111744,PPP5C,kEJc46,TRUE,reported,2,1,TRUE,644158,NA,NA,0.004191514,21857,5.48E-06,644158,TRUE,1.03E-19
12897,rs75301706,A,G,A,G,-0.202893561,-0.007422082,0.054816447,NA,FALSE,FALSE,FALSE,4LAQqF,19,46975051,0.005137154,0.148518366,outcome,TRUE,reported,5.67E-29,19,46975051,29128,0.018163012,124.7845385,PPP5C,kEJc46,TRUE,reported,2,1,TRUE,644158,NA,NA,0.004266024,29128,3.24E-06,644158,TRUE,2.46E-26
12898,rs759291,A,C,A,C,0.182659278,-0.00149308,0.05781427,NA,FALSE,FALSE,FALSE,4LAQqF,19,46893238,0.004689689,0.75020051,outcome,TRUE,reported,7.30E-27,19,46893238,31565,0.017021804,115.1522148,PPP5C,kEJc46,TRUE,reported,2,1,TRUE,644158,NA,NA,0.003635067,31565,1.57E-07,644158,TRUE,2.43E-25
12899,rs76789866,C,T,C,T,0.10999858,-0.003945555,0.035422773,NA,FALSE,FALSE,FALSE,4LAQqF,19,46827437,0.006155699,0.52154888,outcome,TRUE,reported,2.05E-06,19,46827437,27250,0.023163935,22.55015169,PPP5C,kEJc46,TRUE,reported,2,1,TRUE,644158,NA,NA,0.000826905,27250,6.38E-07,644158,TRUE,6.14E-06
12900,rs77239096,T,C,T,C,0.159562964,0.008327055,0.103047841,NA,FALSE,FALSE,FALSE,4LAQqF,19,46885704,0.003875277,0.031653134,outcome,TRUE,reported,1.89E-34,19,46885704,31684,0.013035764,149.8273922,PPP5C,kEJc46,TRUE,reported,2,1,TRUE,644158,NA,NA,0.004706842,31684,7.17E-06,644158,TRUE,1.76E-30
12901,rs8112409,A,G,A,G,0.076637191,0.002925873,0.384772701,NA,FALSE,FALSE,FALSE,4LAQqF,19,46788096,0.002291979,0.201753941,outcome,TRUE,reported,2.06E-20,19,46788096,30746,0.00827687,85.73278464,PPP5C,kEJc46,TRUE,reported,2,1,TRUE,644158,NA,NA,0.002780847,30746,2.53E-06,644158,TRUE,1.80E-18
3351,rs10958704,G,A,G,A,0.273276532,0.010088803,0.591604344,NA,FALSE,FALSE,FALSE,4LAQqF,8,38328302,0.002282339,9.85E-06,outcome,TRUE,reported,3.42E-258,8,38328302,31470,0.007961582,1178.164435,FGFR1,8q5Ahi,TRUE,reported,2,1,TRUE,644158,NA,NA,0.036088908,31470,3.03E-05,644158,TRUE,1.17E-229
3352,rs117384643,T,C,T,C,-0.215803096,-0.004337654,0.017162045,NA,FALSE,FALSE,FALSE,4LAQqF,8,38413268,0.008686342,0.617522371,outcome,TRUE,reported,5.82E-07,8,38413268,15868,0.043187395,24.96900961,FGFR1,8q5Ahi,TRUE,reported,2,1,TRUE,644158,NA,NA,0.00157127,15868,3.87E-07,644158,TRUE,1.19E-06
3353,rs12115124,T,G,T,G,0.05266966,0.003545921,0.24576542,NA,FALSE,FALSE,FALSE,4LAQqF,8,38422671,0.002657536,0.182109277,outcome,TRUE,reported,2.90E-08,8,38422671,29893,0.009494306,30.77475625,FGFR1,8q5Ahi,TRUE,reported,2,1,TRUE,644158,NA,NA,0.001028507,29893,2.76E-06,644158,TRUE,2.73E-07
3354,rs138012741,G,A,G,A,0.629014071,0.014509892,0.024787736,NA,FALSE,FALSE,FALSE,4LAQqF,8,38323693,0.006905718,0.035628539,outcome,TRUE,reported,1.54E-112,8,38323693,26061,0.027901494,508.2364448,FGFR1,8q5Ahi,TRUE,reported,2,1,TRUE,644158,NA,NA,0.019130196,26061,6.85E-06,644158,TRUE,1.28E-103
3355,rs139389441,T,G,T,G,0.117918168,0.004817102,0.032170524,NA,FALSE,FALSE,FALSE,4LAQqF,8,38168988,0.006165976,0.434661802,outcome,TRUE,reported,3.07E-06,8,38168988,25128,0.025269081,21.77622225,FGFR1,8q5Ahi,TRUE,reported,2,1,TRUE,644158,NA,NA,0.00086593,25128,9.47E-07,644158,TRUE,9.60E-06
3356,rs147185839,T,C,T,C,0.155769439,0.005991378,0.021966439,NA,FALSE,FALSE,FALSE,4LAQqF,8,38344932,0.006972225,0.390163509,outcome,TRUE,reported,4.73E-08,8,38344932,28579,0.028521888,29.82688996,FGFR1,8q5Ahi,TRUE,reported,2,1,TRUE,644158,NA,NA,0.001042649,28579,1.15E-06,644158,TRUE,2.39E-07
3357,rs17182134,A,C,A,C,-0.357207624,-0.000210376,0.07067638,NA,FALSE,FALSE,FALSE,4LAQqF,8,38324281,0.004307345,0.961045895,outcome,TRUE,reported,2.94E-118,8,38324281,31355,0.015450424,534.5159042,FGFR1,8q5Ahi,TRUE,reported,2,1,TRUE,644158,NA,NA,0.016762544,31355,3.70E-09,644158,TRUE,3.95E-112
3358,rs328291,A,G,A,G,0.178717021,0.004308906,0.767060467,NA,FALSE,FALSE,FALSE,4LAQqF,8,38362097,0.002765893,0.119263741,outcome,TRUE,reported,1.03E-80,8,38362097,31355,0.009392959,362.0153129,FGFR1,8q5Ahi,TRUE,reported,2,1,TRUE,644158,NA,NA,0.011414635,31355,3.77E-06,644158,TRUE,4.42E-74
3359,rs62505467,T,C,T,C,0.142692493,-0.005774695,0.051040357,NA,FALSE,FALSE,FALSE,4LAQqF,8,38257339,0.004756826,0.2247551,outcome,TRUE,reported,5.38E-13,8,38257339,26344,0.019775829,52.06344025,FGFR1,8q5Ahi,TRUE,reported,2,1,TRUE,644158,NA,NA,0.001972544,26344,2.29E-06,644158,TRUE,8.54E-12
3360,rs7001849,T,C,T,C,0.066337343,0.002267673,0.554680747,NA,FALSE,FALSE,FALSE,4LAQqF,8,38423104,0.002263576,0.316435232,outcome,TRUE,reported,1.23E-16,8,38423104,31470,0.008011369,68.56502416,FGFR1,8q5Ahi,TRUE,reported,2,1,TRUE,644158,NA,NA,0.002174144,31470,1.56E-06,644158,TRUE,3.66E-15
3361,rs75923541,A,G,A,G,-0.154952161,-0.012499263,0.110605771,NA,FALSE,FALSE,FALSE,4LAQqF,8,38327927,0.003533907,0.000404772,outcome,TRUE,reported,6.87E-34,8,38327927,31026,0.012769028,147.258225,FGFR1,8q5Ahi,TRUE,reported,2,1,TRUE,644158,NA,NA,0.004724167,31026,1.94E-05,644158,TRUE,1.48E-28
3362,rs76602963,A,G,A,G,-0.120119073,-0.019803593,0.029155395,NA,FALSE,FALSE,FALSE,4LAQqF,8,38252673,0.006402198,0.00197978,outcome,TRUE,reported,6.64E-06,8,38252673,24823,0.026665277,20.29232209,FGFR1,8q5Ahi,TRUE,reported,2,1,TRUE,644158,NA,NA,0.000816879,24823,1.49E-05,644158,TRUE,0.000131389
3363,rs77367878,T,C,T,C,0.156577384,0.006860053,0.023538203,NA,FALSE,FALSE,FALSE,4LAQqF,8,38213552,0.007954967,0.388488967,outcome,TRUE,reported,5.20E-08,8,38213552,26273,0.028758818,29.64258025,FGFR1,8q5Ahi,TRUE,reported,2,1,TRUE,644158,NA,NA,0.001127067,26273,1.15E-06,644158,TRUE,2.40E-07
17289,rs1057233,G,A,G,A,0.148278659,0.012609667,0.326170333,NA,FALSE,FALSE,FALSE,4LAQqF,11,47376448,0.002194434,9.13E-09,outcome,TRUE,reported,3.49E-69,11,47376448,31670,0.008434413,309.063432,NR1H3,PtQMYS,TRUE,reported,2,1,TRUE,644158,NA,NA,0.00966516,31670,5.13E-05,644158,TRUE,7.26E-57
17290,rs111927021,A,G,A,G,-0.072625036,0.001613205,0.243214465,NA,FALSE,FALSE,FALSE,4LAQqF,11,47211568,0.002634306,0.54028413,outcome,TRUE,reported,8.93E-15,11,47211568,30902,0.009366742,60.11676225,NR1H3,PtQMYS,TRUE,reported,2,1,TRUE,644158,NA,NA,0.001941749,30902,5.82E-07,644158,TRUE,1.00E-13
17291,rs112806799,T,C,T,C,-0.381107535,-0.01388433,0.045331267,NA,FALSE,FALSE,FALSE,4LAQqF,11,47213055,0.007667712,0.070179163,outcome,TRUE,reported,9.90E-09,11,47213055,2581,0.066484227,32.85926329,NR1H3,PtQMYS,TRUE,reported,2,1,TRUE,644158,NA,NA,0.012580794,2581,5.09E-06,644158,TRUE,2.23E-08
17292,rs113954134,A,G,A,G,-0.342653321,-0.024857843,0.026090324,NA,FALSE,FALSE,FALSE,4LAQqF,11,47202682,0.006432258,0.00011129,outcome,TRUE,reported,1.83E-35,11,47202682,25734,0.027569744,154.470098,NR1H3,PtQMYS,TRUE,reported,2,1,TRUE,644158,NA,NA,0.005967214,25734,2.32E-05,644158,TRUE,3.41E-30
17293,rs11570086,T,C,T,C,0.191153387,0.017487723,0.029065257,NA,FALSE,FALSE,FALSE,4LAQqF,11,47362642,0.007207994,0.015259679,outcome,TRUE,reported,3.15E-13,11,47362642,25701,0.026228871,53.11348641,NR1H3,PtQMYS,TRUE,reported,2,1,TRUE,644158,NA,NA,0.00206249,25701,9.14E-06,644158,TRUE,2.58E-11
17294,rs139014611,T,C,T,C,0.209758262,0.000935989,0.014735772,NA,FALSE,FALSE,FALSE,4LAQqF,11,47389687,0.008183529,0.908940771,outcome,TRUE,reported,1.28E-07,11,47389687,21803,0.039717917,27.89107344,NR1H3,PtQMYS,TRUE,reported,2,1,TRUE,644158,NA,NA,0.001277714,21803,2.03E-08,644158,TRUE,2.31E-07
17295,rs141947880,T,C,T,C,0.092378646,0.013855181,0.042544356,NA,FALSE,FALSE,FALSE,4LAQqF,11,47385350,0.004804688,0.003930583,outcome,TRUE,reported,2.79E-06,11,47385350,31565,0.019712912,21.96047044,NR1H3,PtQMYS,TRUE,reported,2,1,TRUE,644158,NA,NA,0.000695283,31565,1.29E-05,644158,TRUE,7.76E-05
17296,rs143226078,G,A,G,A,-0.382535641,-0.00423656,0.01354484,NA,FALSE,FALSE,FALSE,4LAQqF,11,47344486,0.01003653,0.672941795,outcome,TRUE,reported,1.37E-14,11,47344486,15098,0.049687697,59.27152144,NR1H3,PtQMYS,TRUE,reported,2,1,TRUE,644158,NA,NA,0.003910951,15098,2.77E-07,644158,TRUE,4.66E-14
17297,rs144009148,C,T,C,T,-0.462087721,-0.024325181,0.030184979,NA,FALSE,FALSE,FALSE,4LAQqF,11,47220127,0.007212051,0.00074394,outcome,TRUE,reported,6.95E-68,11,47220127,23942,0.026541969,303.0976541,NR1H3,PtQMYS,TRUE,reported,2,1,TRUE,644158,NA,NA,0.012502431,23942,1.77E-05,644158,TRUE,1.37E-60
17298,rs147206042,T,C,T,C,0.206738588,0.005466935,0.026568009,NA,FALSE,FALSE,FALSE,4LAQqF,11,47341426,0.006510951,0.40110332,outcome,TRUE,reported,7.79E-14,11,47341426,25212,0.027661037,55.860676,NR1H3,PtQMYS,TRUE,reported,2,1,TRUE,644158,NA,NA,0.002210915,25212,1.09E-06,644158,TRUE,7.72E-13
17299,rs2291120,C,T,C,T,0.162602412,0.010917908,0.109002723,NA,FALSE,FALSE,FALSE,4LAQqF,11,47237680,0.002337836,3.01E-06,outcome,TRUE,reported,6.02E-34,11,47237680,28579,0.013387101,147.5301744,NR1H3,PtQMYS,TRUE,reported,2,1,TRUE,644158,NA,NA,0.005136034,28579,3.39E-05,644158,TRUE,1.00E-27
17300,rs2697919,A,C,A,C,-0.134485039,-0.004138251,0.955659905,NA,FALSE,FALSE,FALSE,4LAQqF,11,47371032,0.005941216,0.486095305,outcome,TRUE,reported,5.03E-12,11,47371032,31056,0.019477318,47.67488209,NR1H3,PtQMYS,TRUE,reported,2,1,TRUE,644158,NA,NA,0.001532872,31056,7.53E-07,644158,TRUE,4.31E-11
17301,rs41301447,G,A,G,A,0.171181425,0.027787726,0.025691106,NA,FALSE,FALSE,FALSE,4LAQqF,11,47314340,0.007254409,0.000127904,outcome,TRUE,reported,1.62E-08,11,47314340,21715,0.030307253,31.90216324,NR1H3,PtQMYS,TRUE,reported,2,1,TRUE,644158,NA,NA,0.00146711,21715,2.28E-05,644158,TRUE,1.16E-06
17302,rs41303839,T,C,T,C,-0.24507064,-0.001420136,0.015279104,NA,FALSE,FALSE,FALSE,4LAQqF,11,47345202,0.010545048,0.892870245,outcome,TRUE,reported,4.95E-06,11,47345202,11519,0.053663537,20.85566224,NR1H3,PtQMYS,TRUE,reported,2,1,TRUE,644158,NA,NA,0.001807586,11519,2.82E-08,644158,TRUE,6.57E-06
17303,rs61897360,T,C,T,C,0.887213328,0.003734971,0.033073565,NA,FALSE,FALSE,FALSE,4LAQqF,11,47338586,0.005790984,0.518951076,outcome,TRUE,reported,1.00E-300,11,47338586,26376,0.023726088,1398.311236,NR1H3,PtQMYS,TRUE,reported,2,1,TRUE,644158,NA,NA,0.050349113,26376,6.46E-07,644158,TRUE,4.85E-287
17304,rs7114704,T,C,T,C,0.210393615,0.010440342,0.05310771,NA,FALSE,FALSE,FALSE,4LAQqF,11,47293457,0.004551657,0.021805134,outcome,TRUE,reported,7.31E-31,11,47293457,29836,0.018214478,133.4232908,NR1H3,PtQMYS,TRUE,reported,2,1,TRUE,644158,NA,NA,0.004452278,29836,8.17E-06,644158,TRUE,3.40E-27
17305,rs7395581,G,A,G,A,-0.366770372,-0.025601554,0.684203601,NA,FALSE,FALSE,FALSE,4LAQqF,11,47246397,0.002195383,2.00E-31,outcome,TRUE,reported,1.00E-300,11,47246397,31676,0.008295045,1955.019283,NR1H3,PtQMYS,TRUE,reported,2,1,TRUE,644158,NA,NA,0.058134888,31676,0.000211071,644158,TRUE,0
17306,rs77682558,A,G,A,G,-0.24697017,-0.044164827,0.038238141,NA,FALSE,FALSE,FALSE,4LAQqF,11,47276818,0.007023562,3.21E-10,outcome,TRUE,reported,1.10E-11,11,47276818,10240,0.036356033,46.14620761,NR1H3,PtQMYS,TRUE,reported,2,1,TRUE,644158,NA,NA,0.004487121,10240,6.14E-05,644158,TRUE,2.72E-09
17307,rs79545080,A,G,A,G,-0.29401244,-0.012740994,0.031020181,NA,FALSE,FALSE,FALSE,4LAQqF,11,47183376,0.005749794,0.026698039,outcome,TRUE,reported,3.35E-34,11,47183376,28463,0.024112029,148.683881,NR1H3,PtQMYS,TRUE,reported,2,1,TRUE,644158,NA,NA,0.005196977,28463,7.62E-06,644158,TRUE,1.94E-30
5922,rs11698462,C,T,C,T,0.24291083,0.003757547,0.519243427,NA,FALSE,FALSE,FALSE,4LAQqF,20,62779229,0.002265804,0.097242287,outcome,TRUE,reported,1.41E-204,20,62779229,30688,0.007959018,931.482608,OPRL1,CgyfzR,TRUE,reported,2,1,TRUE,644158,NA,NA,0.029460999,30688,4.27E-06,644158,TRUE,6.62E-189
5923,rs117582734,T,C,T,C,0.30063087,0.004713063,0.041605839,NA,FALSE,FALSE,FALSE,4LAQqF,20,62746210,0.005276557,0.371745737,outcome,TRUE,reported,2.50E-33,20,62746210,19931,0.024991967,144.6992468,OPRL1,CgyfzR,TRUE,reported,2,1,TRUE,644158,NA,NA,0.0072084,19931,1.24E-06,644158,TRUE,1.65E-31
5924,rs13037583,A,G,A,G,-0.271322434,-0.00722177,0.05637721,NA,FALSE,FALSE,FALSE,4LAQqF,20,62651362,0.005093579,0.156243835,outcome,TRUE,reported,1.37E-34,20,62651362,19060,0.022118977,150.4670223,OPRL1,CgyfzR,TRUE,reported,2,1,TRUE,644158,NA,NA,0.00783337,19060,3.12E-06,644158,TRUE,2.65E-32
5925,rs139741126,C,T,C,T,-0.251037592,-0.002325331,0.039507042,NA,FALSE,FALSE,FALSE,4LAQqF,20,62692331,0.005637475,0.679989515,outcome,TRUE,reported,3.53E-29,20,62692331,26161,0.022388883,125.7223988,OPRL1,CgyfzR,TRUE,reported,2,1,TRUE,644158,NA,NA,0.004783098,26161,2.64E-07,644158,TRUE,1.14E-27
5926,rs185091700,T,C,T,C,0.263021903,-0.010569437,0.017895907,NA,FALSE,FALSE,FALSE,4LAQqF,20,62710773,0.008519413,0.214742542,outcome,TRUE,reported,2.78E-14,20,62710773,23748,0.034569028,57.89079396,OPRL1,CgyfzR,TRUE,reported,2,1,TRUE,644158,NA,NA,0.002431989,23748,2.39E-06,644158,TRUE,4.65E-13
5927,rs2275292,C,T,C,T,-0.234718097,-0.004010374,0.13584197,NA,FALSE,FALSE,FALSE,4LAQqF,20,62661052,0.002423364,0.097949099,outcome,TRUE,reported,9.06E-57,20,62661052,19238,0.014783064,252.0950063,OPRL1,CgyfzR,TRUE,reported,2,1,TRUE,644158,NA,NA,0.012935847,19238,4.25E-06,644158,TRUE,4.86E-53
5928,rs2983440,T,G,T,G,0.26162958,-0.004329037,0.199384243,NA,FALSE,FALSE,FALSE,4LAQqF,20,62734128,0.002764811,0.117404261,outcome,TRUE,reported,5.94E-118,20,62734128,23862,0.011331204,533.1157745,OPRL1,CgyfzR,TRUE,reported,2,1,TRUE,644158,NA,NA,0.021855173,23862,3.81E-06,644158,TRUE,4.30E-110
5929,rs4809258,C,T,C,T,0.204713828,0.002048876,0.940538663,NA,FALSE,FALSE,FALSE,4LAQqF,20,62786373,0.002412744,0.395776065,outcome,TRUE,reported,2.21E-33,20,62786373,30777,0.017003798,144.9447445,OPRL1,CgyfzR,TRUE,reported,2,1,TRUE,644158,NA,NA,0.004687743,30777,1.12E-06,644158,TRUE,5.79E-31
5930,rs6062340,C,T,C,T,0.144595901,0.003577135,0.910402685,NA,FALSE,FALSE,FALSE,4LAQqF,20,62683275,0.002360535,0.129673231,outcome,TRUE,reported,2.84E-24,20,62683275,30191,0.0142246,103.331291,OPRL1,CgyfzR,TRUE,reported,2,1,TRUE,644158,NA,NA,0.003411137,30191,3.56E-06,644158,TRUE,7.35E-22
5931,rs6062347,A,G,A,G,-0.273206371,-0.000888788,0.158863335,NA,FALSE,FALSE,FALSE,4LAQqF,20,62745540,0.002989469,0.76623278,outcome,TRUE,reported,2.40E-120,20,62745540,26732,0.011712475,544.1069412,OPRL1,CgyfzR,TRUE,reported,2,1,TRUE,644158,NA,NA,0.019949579,26732,1.37E-07,644158,TRUE,2.84E-114
5932,rs6062355,T,G,T,G,-0.088361752,0.000296333,0.136667424,NA,FALSE,FALSE,FALSE,4LAQqF,20,62817662,0.003215641,0.926576033,outcome,TRUE,reported,1.91E-12,20,62817662,26856,0.012549959,49.57286464,OPRL1,CgyfzR,TRUE,reported,2,1,TRUE,644158,NA,NA,0.001842613,26856,1.32E-08,644158,TRUE,6.08E-12
5933,rs6090040,A,C,A,C,0.434490595,0.010405276,0.511141971,NA,FALSE,FALSE,FALSE,4LAQqF,20,62692060,0.002276827,4.88E-06,outcome,TRUE,reported,1.00E-300,20,62692060,20343,0.009438369,2119.17519,OPRL1,CgyfzR,TRUE,reported,2,1,TRUE,644158,NA,NA,0.094352567,20343,3.24E-05,644158,TRUE,0
5934,rs6090042,C,T,C,T,0.323333653,0.002669589,0.100322055,NA,FALSE,FALSE,FALSE,4LAQqF,20,62713640,0.003713755,0.472240612,outcome,TRUE,reported,3.71E-130,20,62713640,30633,0.013320219,589.2222212,OPRL1,CgyfzR,TRUE,reported,2,1,TRUE,644158,NA,NA,0.018873095,30633,8.02E-07,644158,TRUE,5.45E-122
5935,rs76653884,T,C,T,C,0.256425345,0.006032482,0.05683559,NA,FALSE,FALSE,FALSE,4LAQqF,20,62746128,0.004988229,0.226530847,outcome,TRUE,reported,1.44E-34,20,62746128,21180,0.020911343,150.3689063,OPRL1,CgyfzR,TRUE,reported,2,1,TRUE,644158,NA,NA,0.007050183,21180,2.27E-06,644158,TRUE,2.56E-32
5936,rs78504670,A,C,A,C,0.179906233,0.003608105,0.075907099,NA,FALSE,FALSE,FALSE,4LAQqF,20,62816192,0.004077404,0.376209239,outcome,TRUE,reported,5.53E-30,20,62816192,28370,0.015814959,129.4065505,OPRL1,CgyfzR,TRUE,reported,2,1,TRUE,644158,NA,NA,0.004540994,28370,1.22E-06,644158,TRUE,7.19E-28
